{
    "apy": {
        "day": {
            "compound": 0.07277707131036237,
            "usdt": 0.3447058823529412,
            "usdt2": 0.5028,
            "hpt": 1.8808,
            "filda": 2.1616,
            "channels": 1.7820
        },
        "week": {
            "compound": 0.09110520645153919,
            "usdt": 0.056072717590972765,
            "usdt2": 0.00,
            "hpt": 0.00,
            "filda": 0.00,
            "channels": 0.00
        }, 
        "month": {
            "compound": 0.1034735534802469, 
            "usdt": 0.08287735829028331,
            "usdt2": 0.00,
            "hpt": 0.00,
            "filda": 0.00,
            "channels": 0.00
        }, 
        "total": {
            "compound": 0.06022287837569462,
            "usdt": 0.06272723349541365,
            "usdt2": 0.00,
            "hpt": 0.00,
            "filda": 0.00,
            "channels": 0.00
        }
    }, 
    "volume":{
        "compound":0,
        "usdt": 1721.5535916330641,
        "usdt2": 2214.3923524700003,
        "hpt": 34018.097412271134,
        "filda": 5169.9816685558035,
        "channels": 1603.8411710814858
    }
  }